<?xml version="1.0" encoding="utf-8"?>
<resources>
  <!--Notes :-->
  <!-- - If the text is marked ' Please replace with the symbol &apos; and add at the beginning and end of the sentence "
        Example: Let's get started! >> "Let&apos;s get started!"  -->
  <!-- - If the text is marked & Please replace with the symbol &amp; 
        Example. Movies & Animation >> Movies &amp; Animation   -->

  <!--supportsRtl-->
  <string name="Is_arabic">false</string>
  <!--===============================================================-->

  <!--EXO PLAYER NOT FOR TRANCALCTE-->
  <string name="selection_disabled">Disabled</string>
  <string name="selection_default">Default</string>
  <string name="unexpected_intent_action">Unexpected intent action: </string>
  <string name="enable_random_adaptation">Enable random adaptation</string>
  <string name="error_drm_not_supported">Protected content not supported on API levels below 18</string>
  <string name="error_drm_unsupported_scheme">This device does not support the required DRM scheme</string>
  <string name="error_drm_unknown">An unknown DRM error occurred</string>
  <string name="error_no_decoder">This device does not provide a decoder for </string>
  <string name="error_no_secure_decoder">This device does not provide a secure decoder for </string>
  <string name="error_querying_decoders">Unable to query device decoders</string>
  <string name="error_instantiating_decoder">Unable to instantiate decoder </string>
  <string name="error_unsupported_video">Media includes video tracks, but none are playable by this device</string>
  <string name="error_unsupported_audio">Media includes audio tracks, but none are playable by this device</string>
  <string name="storage_permission_denied">Permission to access storage was denied</string>
  <string name="sample_list_load_error">One or more sample lists failed to load</string>
  <string name="ima_not_loaded">Playing sample without ads, as the IMA extension was not loaded</string>
  <string name="Lbl_Download_faileds">Download failed.</string>
  <!--===============================================================-->

  <!--most used-->
  <string name="video">Video</string>
  <string name="audio">Audio</string>
  <string name="image">Image</string>
  <string name="text">Text</string>
  <string name="retry">Retry</string>
  <string name="Privacy_Policy"><u>Privacy Policy</u></string>
  <string name="Lbl_Empty">Empty</string>
  <string name="Lbl_Loading">Loading</string>
  <string name="Lbl_Comment">Comment</string>
  <string name="Lbl_Videos">Videos</string>
  <string name="Lbl_Views">Views</string>
  <string name="Lbl_aboutMe">About me</string>
  <string name="Lbl_About">About</string>
  <string name="Lbl_Error">Error</string>
  <string name="Lbl_Ok">OK</string>
  <string name="Lbl_Security">Security</string>
  <string name="Lbl_Done">Done</string>
  <string name="Lbl_Deleted">Deleted</string>
  <string name="Lbl_Delete">Delete</string>
  <string name="Lbl_Submit">Submit</string>
  <string name="Lbl_Cancel">Cancel</string>
  <string name="Lbl_Yes">Yes</string>
  <string name="Lbl_No">No</string>
  <string name="Lbl_Warning">Warning</string>
  <string name="Lbl_Changed">Changed</string>
  <string name="Lbl_Crop">Crop</string>
  <string name="Lbl_Report">Report</string>
  <string name="Lbl_Quality">Quality</string>
  <string name="Lbl_Help_feedback">Help &amp; Feedback</string>
  <string name="Lbl_Make_video_offline">Make video offline</string>
  <string name="Lbl_Share">Share</string>
  <string name="Lbl_InviteSMSText_1">Hi let is meet on</string>
  <string name="Lbl_InviteSMSText_2">for your smart phone</string>
  <string name="Lbl_Success">Success</string>
  <string name="Lbl_Offline_Mode">Offline Mode</string>
  <string name="Lbl_Cover">Cover</string>
  <string name="Lbl_Avatar">Avatar</string>
  <string name="Lbl_Close">Close</string>
  <string name="Lbl_With">With</string>
  <string name="Lbl_At">At</string>
  <string name="Lbl_SelectPictures">Select Pictures</string>
  <string name="Lbl_SelectImage">Select Image</string>
  <string name="Lbl_SelectFile">Select File</string>
  <string name="Lbl_SelectGif">Select Gif</string>
  <string name="Lbl_Unknown">Unknown</string>
  <string name="Lbl_ReadMore">Read More</string>
  <string name="Lbl_ReadLess">Read Less</string>
  <string name="Lbl_Description">Description</string>
  <string name="Lbl_Published_on">Published on</string>
  <string name="Lbl_I_agree_to_the">I agree to the</string>
  <string name="Lbl_Last_seen">Last seen</string>
  <string name="Lbl_Create_Account">Create Account</string>
  <string name="Lbl_SignUp">Sign Up</string>
  <string name="Lbl_Like">Like</string>
  <string name="Lbl_Likes">Likes</string>
  <string name="Lbl_Create">Create</string>
  <string name="Lbl_Users">Users</string>
  <string name="Lbl_Send">Send</string>
  <string name="Lbl_Male">Male</string>
  <string name="Lbl_Female">Female</string>
  <string name="Lbl_Comments">Comments</string>
  <string name="Lbl_Save">Save</string>
  <string name="Lbl_Country">Country</string>
  <string name="Lbl_Settings">Settings</string>
  <string name="Lbl_Send_to">Send to</string>
  <string name="Lbl_Copy">Copy</string>
  <string name="Lbl_Logout">Logout</string>
  <string name="Lbl_Type">Type</string>
  <string name="Lbl_Remember">Remember</string> 
  <!--===============================================================-->

  <!-- First Page-->
  <string name="Lbl_Welcome_to">Welcome to</string>
  <string name="Lbl_FirstDescription1">Share images &amp; videos &amp; gifs and links with who you love and add your own hashTags</string>
  <string name="Lbl_FirstHeader1">Explore Everything</string>
  <string name="Lbl_FirstDescription2">Just Like the photos which you found interesting, And become a follower of famous people in your area. </string>
  <string name="Lbl_FirstHeader2">Like and follow</string>
  <string name="Lbl_FirstDescription3">Immediately Save Images or videos to check them later anytime</string>
  <string name="Lbl_FirstHeader3">Save and favorite</string>
  <!--===============================================================-->

  <!--Login && Register -->
  <string name="Lbl_Username">Username</string>
  <string name="Lbl_Email">Email</string>
  <string name="Lbl_Login">Login</string>
  <string name="Lbl_Register">Register</string>
  <string name="Lbl_SignIn">Sign in</string>
  <string name="Lbl_DontHaveAnAccount">"Don&apos;t Have an account?"</string>
  <string name="Lbl_Or">OR</string>
  <string name="Lbl_Please_write_your_email">Please write your email</string>
  <string name="Lbl_Null_Data_User">Null data user</string>
  <string name="Lbl_Create_An_Account">Create An Account</string>
  <string name="Lbl_By_registering_you_agree_to_our">By registering you agree to our</string>
  <string name="Lbl_Terms_of_service">Terms of service</string>
  <string name="Lbl_Already_Have_an_Account">Already Have an Account</string>
  <string name="Lbl_Error_Register_password">Register Not Correct, error Password</string> 
  <string name="Lbl_Error_Login">Login Not Correct, error Username Or Password</string>
  <!--===============================================================-->
 
  <!-- Password-->
  <string name="Lbl_Password">Password</string>
  <string name="Lbl_ConfirmPassword">Confirm Password</string>
  <string name="Lbl_Forget_password">Forgot password</string>
  <string name="Lbl_Forgot_your_password">Forgot your password?</string>
  <string name="Lbl_Forgot_your_password_DontWorry">"Don&apos;t worry type your email here and we will recover it for you."</string>
  <string name="Lbl_Change_Password">Change Password</string>
  <string name="Lbl_Current_Password">Current Password</string>
  <string name="Lbl_New_Password">New password</string>
  <string name="Lbl_Repeat_password">Repeat password</string>
  <string name="Lbl_Your_password_dont_match">Your password does not match</string>
  <string name="Lbl_Enter_Password">Enter your password here</string>
  <string name="Lbl_Change_your_password">Change your password</string>
  <string name="Lbl_If_you_forgot_your_password">If you forgot your password, you can reset it from here.</string>
  <string name="Lbl_Email_Has_Been_Send">Email Has Been Send</string>
  <string name="Lbl_Please_enter_your_email">Please enter your email address,</string>
  <string name="Lbl_We_will_send_you_link">We will send you a link to reset password.</string>
  <string name="Lbl_Please_confirm_your_password">Error, Please confirm your password</string>

  <!--===============================================================-->

  <!--Profile-->
  <string name="Lbl_Profile">Profile</string>
  <string name="Lbl_MyProfile">My Profile</string>
  <string name="Lbl_DefaultAbout">Hi there i am using</string>
  <string name="Lbl_CopyLinkToProfile">Copy Link To Profile</string>
  <string name="Lbl_Followers">Followers</string>
  <string name="Lbl_Following">Following</string>
  <string name="Lbl_Follow">Follow</string>
  <string name="Lbl_Friends">Friends</string>
  <string name="Lbl_People_Following">People Following</string>
  <string name="Lbl_People_Followers">People Followers</string>
  <string name="Lbl_Update_DataProfile">Update My Profile</string>
  <string name="Lbl_First_Name">First Name</string>
  <string name="Lbl_Last_Name">Last Name</string>
  <string name="Lbl_Mobile">Mobile</string>
  <string name="Lbl_website">Website</string>
  <string name="Lbl_Work_Place">Work Place</string>
  <string name="Lbl_School">School</string>
  <string name="Lbl_Photos">Photos</string>
  <string name="Lbl_View_All_Liked_Pages">View Liked Pages By User</string>
  <string name="Lbl_About_you">About you</string>
  <string name="Lbl_Gender">Gender</string>
  <string name="Lbl_Website">Website</string>
  <string name="Lbl_EditProfile">Edit Profile</string>
  <string name="Lbl_Favorites">Favorites</string>
  <string name="Lbl_View_Profile">View Profile</string>
  <string name="Lbl_Add_Your_Data">Add Your Data</string>

  <!--===============================================================-->
 
  <!--Block Users-->
  <string name="Lbl_Blocked_Users">Blocked Users</string>
  <string name="Lbl_Block">Block</string>
  <string name="Lbl_Blocked_successfully">blocked successfully</string>
  <string name="Lbl_Unblock_successfully">Unblock successfully</string>
 
  <!--Social Links-->
  <string name="Lbl_Facebook">Facebook</string>
  <string name="Lbl_Twitter">Twitter</string>
  <string name="Lbl_GooglePlus">Google</string>
  <string name="Lbl_Vk">Vkontakte</string>
  <string name="Lbl_Linkedin">Linkedin</string>
  <string name="Lbl_Instagram">Instagram</string>
  <string name="Lbl_YouTube">YouTube</string> 
  <string name="Lbl_FacebookUrl">Your facebook profile url</string>
  <string name="Lbl_GoogleUrl">Your google-plus profile url</string>
  <string name="Lbl_TwitterUrl">Your twitter profile url</string>
  <!--===============================================================-->

  <!--Time-->
  <string name="Lbl_justNow">Just now</string>
  <string name="Lbl_hours">Hours ago</string>
  <string name="Lbl_days">Days ago</string>
  <string name="Lbl_month">Month ago</string>
  <string name="Lbl_minutes">Minutes ago</string>
  <string name="Lbl_seconds">Seconds ago</string>
  <string name="Lbl_year">Year ago</string>

  <string name="Lbl_CutHours">H</string>
  <string name="Lbl_CutDays">D</string>
  <string name="Lbl_CutMonth">M</string>
  <string name="Lbl_CutMinutes">Min</string>
  <string name="Lbl_CutSeconds">Sec</string>
  <string name="Lbl_CutYear">Y</string>

  <string name="Lbl_about_minute">about a minute ago</string>
  <string name="Lbl_about_hour">about an hour ago</string>
  <string name="Lbl_yesterday">yesterday</string>
  <string name="Lbl_about_month">about a month ago</string>
  <string name="Lbl_about_year">about a year ago</string>
  <!--===============================================================-->
  
  <!--Notifications-->
  <string name="Lbl_followed_u">is now following you</string>
  <string name="Lbl_liked_ur_post">liked your post</string>
  <string name="Lbl_commented_ur_post">commented on your post</string>
  <string name="Lbl_mentioned_u_in_comment">mentioned you in a comment</string>
  <string name="Lbl_mentioned_u_in_post">mentioned you in a post</string>
  <!--===============================================================-->

  <!--message-->
  <string name="Lbl_Message">Message</string>
  <string name="Lbl_Chats">Chats</string>
  <string name="Lbl_Write_your_message">Write your message</string>
  <string name="Lbl_Clear_chat">Clear chat</string>
  <!--===============================================================-->

  <!--Suggestions Users-->
  <string name="Lbl_SuggestionsUsers">Suggestions Users</string>
  <string name="Lbl_SuggestionsForYou">Suggestions For You</string>
  <string name="Lbl_ViewMore">View More</string>
  <string name="Lbl_Save_And_Continue">Save &amp; Continue</string>
  <!--===============================================================-->

  <!--Show all comments-->
  <string name="Lbl_ShowAllComments">Show all comments</string>
  <string name="Lbl_ShowMoreComments">Show More Comments</string>
  <!--===============================================================-->

  <!--Story-->
  <string name="Lbl_AddStory">Add story</string>
  <string name="Lbl_YourStory">Your Story</string>
  <string name="Lbl_Add_caption">Add a caption..</string>
  <!--===============================================================-->

  <!--Mentions-->
  <string name="Lbl_MentionsFriend">Mention friend</string>
  <!--===============================================================-->

  <!--Post-->
  <string name="Lbl_DeletePost">Delete post</string>
  <string name="Lbl_GoToPost">Go to post</string>
  <string name="Lbl_ReportThisPost">Report this post</string>
  <string name="Lbl_NoMorePost">No more post to load</string>
  <!--===============================================================-->

  <!-- Add Post-->
  <string name="Lbl_AddPost">Add Post</string>
  <string name="Lbl_Post">Post</string>
  <string name="Lbl_Posts">Posts</string>
  <string name="Lbl_EditPost">Edit Post</string>
  <string name="Lbl_AddToPost">Add To Post</string>
  <string name="Lbl_ImageGallery">Image Gallery</string>
  <string name="Lbl_VideoGallery">Video Gallery</string>
  <string name="Lbl_MentionContact">Mention Contact</string>
  <string name="Lbl_Camera">Camera</string>
  <string name="Lbl_Gif">Gif</string>
  <string name="Lbl_EmbedVideo">Embed Video</string>
  <string name="Lbl_EmbedVideoUrl">YouTube, Dailymotion, Vimeo URL</string>
  <string name="Lbl_Whats_Going_On">Add post caption, #hashtag.. @mention?</string>
  <string name="Lbl_Post_Added">Post Added</string>
  <string name="Lbl_YouCannot_PostanEmptyPost">You cannot post an empty post</string>
  <string name="Lbl_EmbedVideoUrlError">Error, please make sure the link entry is correct in the correct</string>
  <string name="Lbl_postSuccessfullyDeleted">The post successfully deleted</string>
  <string name="Lbl_AreYouSureDeletePost">Are you sure you want to delete this post</string>
  <string name="Lbl_YourReportPost">Your report has been sent</string>
  <string name="Lbl_Feed">Feed</string>
 
  <string name="Lbl_Title_Back">Are you sure to come out?</string>
  <string name="Lbl_Content_Back">The full input will be deleted if you exit or you can continue editing.</string>
  <string name="Lbl_PositiveText_Back">Discard Post</string>
  <string name="Lbl_NegativeText_Back">Continue Editing</string> 
  <string name="Lbl_PostFailedUpload">Post failed upload</string> 
  <!--===============================================================-->
    
  <!--Editor-->
  <string name="Lbl_brush">Brush</string>
  <string name="Lbl_emoji">Emojis</string>
  <string name="Lbl_sticker">Sticker</string>
  <string name="Lbl_eraser">Eraser</string>
  <string name="Lbl_text">Text</string>
  <string name="Lbl_filter">Filter</string>
  <string name="Lbl_adjust">Adjust</string>
  <string name="Lbl_effect">Effect</string>
  <string name="Lbl_Color">Color</string>
  <string name="Lbl_Opacity">Opacity</string>
  <string name="Lbl_Edit">Edit</string>
  <string name="Lbl_Add">Add</string>
  <string name="Lbl_Discard">Discard</string>
  <string name="Lbl_Tap_To_Type">Type something</string>
 
  <string name="Lbl_Error_Path_Image">Error Path Image</string>
  <string name="Lbl_Failed_to_save_Image">Failed to save Image</string>
  <string name="Lbl_Image_Saved_Successfully">Image Saved Successfully</string>
  <string name="Lbl_Are_you_want_to_exit_without_saving_image">Are you want to exit without saving image ?</string>
  <string name="Lbl_Do_you_want_to_add_text_with_gradient">Do you want to add text with gradient ?</string>
  <string name="Lbl_Are_you_want_to_delete_all_changed">Are you want to delete all changed ?</string>
  <string name="Lbl_Please_select_effect_filter">Please select the appropriate effect filter</string>
  <!--===============================================================--> 
 
  <!--Toast && Messages-->
  <string name="Lbl_Permission_is_denailed">"Sorry: You cannot proceed with your action if you don&apos;t allow"</string>
  <string name="Lbl_something_went_wrong">Check your credentials something went wrong</string>
  <string name="Lbl_CheckYourInternetConnection">Please check your internet connection</string>
  <string name="Lbl_VerificationFailed">Verification failed</string>
  <string name="Lbl_You_will_be_logged">You will be logged out now, see you later</string>
  <string name="Lbl_Are_you_logout">Are you sure you went to log out?</string>
  <string name="Lbl_Camera_Not_Available">Is Camera Not Available.</string>
  <string name="Lbl_Failed_to_load">Failed to load</string>
  <string name="Lbl_Text_copied">Text copied to clipboard</string> 
  <!--===============================================================--> 

  <!--Refresh-->
  <string name="Lbl_PullToRefresh">Pull To Refresh</string>
  <string name="Lbl_RefreshMyNewsFeed">Refresh news feed</string>
  <string name="Lbl_Refreshing">Refreshing</string>
  <!--===============================================================-->
  
  <!--Empty State Inflater-->
  <string name="Lbl_NoConnection_TitleText">No Internet Available</string>
  <string name="Lbl_NoConnection_DescriptionText">We could not establish a connection with our servers please try again later.</string>
  <string name="Lbl_NoConnection_Button">Try Again</string>

  <string name="Lbl_NoSearchResult_TitleText">Sad no result!</string>
  <string name="Lbl_NoSearchResult_DescriptionText">We cannot find the keyword you are searching form maybe a little spelling mistake ?</string>
  <string name="Lbl_NoSearchResult_Button">Search Random</string>

  <string name="Lbl_SomThingWentWrong_TitleText">Something Went Wrong</string>
  <string name="Lbl_SomThingWentWrong_DescriptionText">Server respond</string>
  <string name="Lbl_SomThingWentWrong_Button">Try Again</string>

  <string name="Lbl_NoPost_TitleText">No Post Yet</string>

  <string name="Lbl_NoComments_TitleText">No Comments Yet</string>
  <string name="Lbl_NoComments_DescriptionText">Get the conversation started by leaving the first comment.</string>
 
  <string name="Lbl_NoNotification_TitleText">No Notifications Yet</string>
  <string name="Lbl_NoNotification_DescriptionText">We will display once you get your first activity here</string>
 
  <string name="Lbl_NoUsers_TitleText">No Users Yet</string>
  <string name="Lbl_NoUsers_DescriptionText">Welcome, you are the first user here!</string>

  <string name="Lbl_NoFollow_TitleText">No Users Yet</string>
  <string name="Lbl_NoFollow_DescriptionText">"You don&apos;t have friends to follow"</string>

  <string name="Lbl_NoMessage_TitleText">No More Messages</string>
  <string name="Lbl_NoMessage_DescriptionText">Start new conversations by going to >> Contacts</string>
  <!--===============================================================-->

  <!--Error-->
  <string name="Lbl_Error_Code">Error Code</string>
  <string name="Lbl_Please_check_your_details">Error, Please check your details</string>
  <string name="Lbl_Please_enter_your_data">Error, Please enter your data</string>
  <string name="Lbl_IsEmailValid">Error, Please Write your full email address</string>

  <string name="Lbl_Error_19">Server Key Error</string>
 
  <!--Error Login-->
  <string name="Lbl_ErrorLogin_2">Please enter your username and password!</string>
  <string name="Lbl_ErrorLogin_4">Invalid username or password</string>

  <!--Error Register-->
  <string name="Lbl_ErrorRegister_5">Please fill in all required fields</string>
  <string name="Lbl_ErrorRegister_6">That username is already taken</string>
  <string name="Lbl_ErrorRegister_7">Username must be between 4 and 16 characters</string>
  <string name="Lbl_ErrorRegister_8">Username contains invalid characters</string>
  <string name="Lbl_ErrorRegister_9">That email is already exists</string>
  <string name="Lbl_ErrorRegister_10">Email contains invalid characters</string>
  <string name="Lbl_ErrorRegister_11">Password does not match</string>
  <string name="Lbl_ErrorRegister_12">Password is too short</string>

  <!--Error Forgot Password-->
  <string name="Lbl_ErrorForgotPassword_5">Please fill in all required fields</string>
  <string name="Lbl_ErrorForgotPassword_13">Email not found</string>
  <string name="Lbl_ErrorForgotPassword_14">Sorry There Is Something Wrong!! Please Try Again Later</string>
  
  <!--Error New -->
  <!--Error Report UnReport User-->
  <string name="Lbl_ErrorReportUser_17">Please Login And Try Again</string>
  <string name="Lbl_ErrorReportUser_16">please check your details</string>
 
  <!--Error Follow unFollow && Error Block UnBlock && Error get user followers - following -->
  <!--Error suggestions users && notifications && UserData && blocked users  -->
  <!--Error user posts by user id && get user messages -->
  <string name="Lbl_ErrorFollow_17">Please Login And Try Again</string>
  <string name="Lbl_ErrorFollow_20">Please Enter the user id</string>

  <!--Error Search Users HashTags-->
  <string name="Lbl_ErrorSearch_33">Please Enter a word to search</string>

  <!--Error Comments && Post -->
  <string name="Lbl_ErrorPost_20">Please Enter the post id</string>
  <string name="Lbl_ErrorPost_16">please check your details</string>
  <string name="Lbl_ErrorPost_21">An unknown error occurred. Please try again later!</string>
 
  <!--Error posts by HashTag -->
  <string name="Lbl_ErrorPostHashTag_32">Please the hash can not be empty</string>
 
  <!--Error Delete Story #14-->
  <string name="Lbl_ErrorDeleteStory_24">Please Enter the story id</string>
 
  <!--Error Save Setting #5 6 7 8 9 10 11 12 16  34 25 26 27 28 29 30 31 -->
  <string name="Lbl_ErrorSaveSetting_34">File format not supported</string>
  <string name="Lbl_ErrorSaveSetting_25">First name is too long Please enter a valid first name</string>
  <string name="Lbl_ErrorSaveSetting_26">Last name is too long Please enter a valid last name</string>
  <string name="Lbl_ErrorSaveSetting_27">Your text about you is too long The maximum number of text characters is 150.</string>
  <string name="Lbl_ErrorSaveSetting_28">Your website url is invalid Please enter a valid url</string>
  <string name="Lbl_ErrorSaveSetting_29">Your facebook profile url is invalid Please enter a valid url</string>
  <string name="Lbl_ErrorSaveSetting_30">Your google profile url is invalid Please enter a valid url</string>
  <string name="Lbl_ErrorSaveSetting_31">Your twitter profile url is invalid Please enter a valid url</string>
  
  <!--Error Message-->
  <string name="Lbl_ErrorMessage_35">you can not send empty message</string>
  <string name="Lbl_ErrorMessage_36">hash id con not be empty</string>
  <string name="Lbl_ErrorMessage_37">please select the messages that you want to delete them</string> 
  <!--===============================================================-->

  <!--Fragment-->
  <string name="Lbl_Notifications">Notifications</string>
  <string name="Lbl_Trending">Trending</string>
  <string name="Lbl_Search">Search</string>
  <string name="Lbl_More">More</string>
  <string name="Lbl_News_Feed">News Feed</string>
  <string name="Lbl_Explore">Explore</string>
  <string name="Lbl_Add_Post">Add Post</string>
  <string name="Lbl_HashTags">HashTags</string>
  <!--===============================================================-->

  <!--Settings-->
  <string name="Lbl_General">General</string>

  <string name="Lbl_Support">Support</string>
  <string name="Lbl_Help">Help Center</string>
  <string name="Lbl_Report_Problem">Report a Problem</string>
  <string name="Lbl_Legal_and_Policies">Legal and Policies</string>
  <string name="Lbl_PrivacyPolicy">Privacy Policy</string>
  <string name="Lbl_About_App">About Us</string>
  <string name="Lbl_TermsOfUse">Terms of Use</string>
  <!--===============================================================-->

  <!--Delete Account-->
  <string name="Lbl_Are_you_DeleteAccount">Are you sure you want to delete the account from</string>
  <string name="Lbl_Your_account_was_successfully_deleted">Your account was successfully deleted</string>
  <string name="Lbl_Error_Terms">You can not access your disapproval of the Terms and Conditions</string>
  <string name="Lbl_DeleteAccount">Delete account</string>
  <string name="Lbl_RemoveAccount">Remove Account</string>
  <string name="Lbl_IWantToDelete1">Yes, I want to delete</string>
  <string name="Lbl_IWantToDelete2">permanently from</string>
  <string name="Lbl_IWantToDelete3">Account.</string>
  <!--===============================================================-->

  <!--notifications-->
  <string name="Lbl_ReceiveNotifications">Receive notifications when some one</string>
  <string name="Lbl_LikedMyPost">Liked my post</string>
  <string name="Lbl_CommentedMyPost">Commented on my post</string>
  <string name="Lbl_FollowedMe">Followed me</string>
  <string name="Lbl_MentionedMe">Mentioned me</string>
  <!--===============================================================-->

  <!--Privacy-->
  <string name="Lbl_AccountPrivacy">Account privacy</string>
  <string name="Lbl_Privacy">Privacy</string>
  <string name="Lbl_CanViewProfile">Who can view your profile?</string>
  <string name="Lbl_CanDirectMessage">Who can direct message you?</string>
  <string name="Lbl_ShowYourProfile">Show your profile in search engines</string>
  <string name="Lbl_Everyone">Everyone</string>
  <string name="Lbl_People_i_Follow">People i Follow</string>
  <string name="Lbl_People_Follow_Me">People Follow Me</string>
  <string name="Lbl_No_body">Nobody</string>

  <!--Who can post on my timeline ?-->
  <string-array name="settings_CanViewProfile_array">
    <item>Nobody</item>
    <item>Followers</item> 
    <item>Everyone</item>
  </string-array>
  <string-array name="value_settings_CanViewProfile_array">
    <item>0</item>
    <item>1</item>
    <item>2</item>
  </string-array>
 
  <!--Who can post on my timeline ?-->
  <string-array name="settings_CanDirectMessage_array">
    <item>Everyone</item>
    <item>People i follow</item>
  </string-array>
  <string-array name="value_settings_CanDirectMessage_array">
    <item>1</item>
    <item>2</item>
  </string-array>
 
  <!--New Label V1.3-->
  <!--===============================================================-->
  <string name="Lbl_Publish">Publish</string>
  <string name="Lbl_No_likes_yet">no likes yet</string>
 
  <!--New Label V1.4-->
  <!--===============================================================-->
  <string name="Lbl_emailValidation">Your account was successfully created, please check your inbox\/spam folder for the activation link</string>

  <!--New Label V1.5-->
  <!--===============================================================-->
  <string name="Lbl_YourComment">Your comment...</string>
  <string name="Lbl_Promoted">Promoted</string>
  <string name="Lbl_Reply">Reply</string>
  <string name="Lbl_Funding">Funding</string>
  <string name="Lbl_FundingRequests">Funding Requests</string>
  <string name="Lbl_CopyLink">Cope Link</string>
  <string name="Lbl_Donate">Donate</string>
  <string name="Lbl_RaisedOf">Raised of</string>
  <string name="Lbl_Title">title</string>
  <string name="Lbl_Amount">Amount</string>
  <string name="Lbl_NewFunding">New funding</string>
  <string name="Lbl_Please_enter_name">Error, Please enter name</string>
  <string name="Lbl_Please_enter_amount">Error, Please enter amount</string>
  <string name="Lbl_Please_select_Image">Error, Please select Image</string>
  <string name="Lbl_Please_enter_Description">Error, Please enter description</string>
  <string name="Lbl_FundingSuccessfullyEdited">Funding successfully edited</string>
  <string name="Lbl_NotHaveAnyFundingRequest">Not have any funding request</string>
  <string name="Lbl_BoostPost">Boost Post</string>
  <string name="Lbl_UnBoostPost">UnBoost Post</string>
  <string name="Lbl_postSuccessfullyBoosted">The post successfully boosted</string>
  <string name="Lbl_UserProfile">User Profile</string>
  <!--===============================================================-->
  <string name="Lbl_Night_Mode">Night Mode</string>
  <string name="Lbl_profilePrivate">This profile is private</string>
  <string name="Lbl_NoMoreUsers">No More Users</string>
  <string name="Lbl_NoMoreComment">No More Comment</string>
  <string name="Lbl_NoMoreHash">No More Hash</string>
  <string name="Lbl_NoMoreNotifications">No More Notifications</string>
  <string name="Lbl_loadMore">Load more</string>
  <string name="Lbl_SelectVideoFrom">Select video from</string>
  <string name="Lbl_SelectImageFrom">Select image from</string>
  <string name="Lbl_RecordVideoFromCamera">Record video from camera</string>
 
  <!--New Label V1.6-->
  <!--===============================================================-->
  <string name="Lbl_Social_Links">Social Links</string>
  <string name="Lbl_Empty_Gif">No gif !!</string>
  <string name="press_again_exit">Press again to exit</string>

  <!--Last Activities-->
  <string name="Lbl_LastActivities">Last Activities</string>
  <string name="Lbl_Empty_Activities">No Activities !!</string>
  <string name="Lbl_CommentedOn">commented on</string>
  <string name="Lbl_ReactedTo">reacted to</string>
  <string name="Lbl_StartedFollowing">started following</string>
  <string name="Lbl_BecomeFriendsWith">become friends with</string>
  <string name="Lbl_IsFollowing">is following</string>
  <string name="Lbl_Liked">liked</string>
  <string name="Lbl_disliked">disliked</string>
  <string name="Lbl_shared">shared</string>
  <!--===============================================================-->


  <!--New Label V1.7-->
  <!--===============================================================-->
  <string name="Lbl_Light">Light</string>
  <string name="Lbl_Dark">Dark</string>
  <string name="Lbl_SetByBattery">Set by Battery Saver</string>
  <string name="Lbl_ErrorFileNotSupported">This file not supported on the server , please select another file</string>
  <string name="Lbl_EarnUpTo">Earn up to</string>
  <string name="Lbl_forEachUserYourReferToUs">for each user your refer to us</string>
  <string name="Lbl_liked_ur_comment">liked your comment</string>
  <string name="Lbl_AccountPrivacySettings">Account privacy settings</string>
  <string name="Lbl_No_Blocked_Users">No blocked users to be displayed</string>
  <!--===============================================================-->

</resources> 